farm_id,moisture,ph,temp,humidity,nitrogen,phosphorus,potassium,weather_temp,weather_humidity,rain_prob,planting_label,disease_label
Farm_1,42.472407130841745,5.155045163505823,18.37870126144329,50.394312757301364,98.24368763361203,61.526542810897446,126.0851258469532,28.065990752477475,60.21812499743875,52.129604765413895,0,0
Farm_1,77.04285838459498,6.594063894704444,20.57180678063917,41.32661019369099,32.212822481292136,58.33455021037848,106.37575235131062,23.863317539707538,52.15135666542953,97.60138232792136,0,0
Farm_1,63.919636508684306,6.62190536483032,18.540209685534936,49.071771754489866,31.991119637609753,22.051365264514857,71.79262676518577,19.737503051188828,62.28886684685696,12.555021476265338,0,0
Farm_1,55.919509051822196,6.912289704494619,16.774050675141112,69.15207804848461,59.12491972345872,47.299826210092505,66.68820231588897,25.654890299856827,59.33652485190181,1.6947664889580993,0,0
Farm_1,29.36111842654619,7.178274001167985,17.412717422012015,61.0712275296249,73.97788713641992,50.41564950286856,71.47329067712646,26.7258748548208,70.31361919205028,77.0158211757096,0,0
Farm_1,29.35967122017216,7.927556238387604,24.215575360654515,84.63358555384875,99.33666760270138,51.90582247175204,109.71881780630636,21.48437844774279,68.17337748358071,80.71555373648826,0,0
Farm_1,23.485016730091967,6.548901044903586,19.12667436811585,80.87217808692205,91.49658389458547,66.41378953818659,99.5233549963373,27.428971826986285,60.9378118459262,12.020722912057625,0,0
Farm_1,71.97056874649611,5.968869418823738,22.28539722096151,57.0908675848938,70.13124357390734,62.68820373815028,56.66760110807211,27.967575802423433,56.5367766276497,26.55828329586061,0,0
Farm_1,56.06690070459253,7.385558584306111,25.068345417097138,52.971171671564626,54.62639996534993,68.63240742347557,55.669840180067595,21.0459493611559,79.64107898466776,1.755236336662891,0,0
Farm_1,62.48435466776273,5.812496753786222,28.807896572587307,58.98462040836334,119.74120501419401,81.19066092337026,48.85560847420576,28.818736199867445,63.62004863588345,29.33086107805647,0,0
Farm_1,21.23506965774815,6.316914262116908,15.786242796821979,69.51474712574039,68.35631720123757,85.03885909728749,99.42724477312044,19.547826808536342,70.64822707340711,77.31418739186715,0,0
Farm_1,78.19459112971967,5.235369144026798,30.988207978180853,53.403182041143815,70.6248321896708,77.44984609811955,108.79353959995623,20.22217235242739,54.21658902735082,51.79605277125789,0,0
Farm_1,69.94655844802531,5.076052230246373,27.558007789818156,71.2074453924567,44.726143907250226,96.44189567639478,63.85417854925036,20.026473231618287,64.56769098978194,34.80955931682881,0,0
Farm_1,32.74034664069657,7.887945244033775,16.635180638977438,60.47058260956202,101.53285938749364,21.45860661410893,41.88504649278215,27.833886810086575,50.826101596083966,37.17392949063303,0,0
Farm_1,30.909498032426036,7.507940361536617,32.47157248213554,67.602359042599,92.43140032033398,35.662238854683686,47.39545007287846,25.197218075574582,65.1636535373135,0.1353625715468154,0,0
Farm_1,31.00427059120603,7.087922618281094,33.417448010636264,61.80632645676583,49.86926515098844,20.605029998251368,127.10740313605274,19.673147115445,78.92052221353107,29.98005275652359,0,0
Farm_1,38.254534577572265,6.22685883324281,16.221559197097275,54.723287977095886,37.41429410542584,71.79797713236823,66.59002997296783,22.84355760205184,61.526201389574005,64.64587416379305,0,0
Farm_1,51.48538589793427,5.519882960212537,20.537552962944076,87.42266534810784,91.24493718672417,91.84244391599896,109.23008330543203,24.768278275767823,51.169880377247345,97.41944438163571,0,0
Farm_1,45.916701118526944,5.469311128013258,31.124025595861227,78.18028970798804,88.90600928530216,39.47858372610394,96.21972119688374,18.918104934883218,50.9286737275803,84.70608269838995,0,2
Farm_1,37.47374841188251,5.750728694493786,29.965193807673167,47.00565878832263,54.59335742983884,94.16276358370453,74.37456756876063,27.706580052480724,61.63960279840609,2.3594964645529126,0,0
Farm_1,56.71117368334277,6.647679994118361,18.690420387127546,83.42339879489563,115.57772060253693,24.821391223164866,58.51185359759996,26.839638889856886,54.80074809389582,89.85606046748393,0,0
Farm_1,28.36963163912251,7.143787768100188,19.186986466734204,64.37155991247567,43.59521026028102,94.75488214444114,50.92477763434658,23.55727450934302,50.70056288984558,78.3198413298626,0,0
Farm_1,37.528678912113094,6.980592130153194,22.40944205582764,84.72761134470457,68.91013209383416,48.12981497917075,95.35116712349799,28.638392767850874,72.68640841850531,78.03761235709804,0,0
Farm_1,41.9817105976215,5.839801690837828,24.690459703820427,79.99276279736577,114.9254328150839,28.11366627593732,109.71704025740092,22.595370772026097,63.755690266456725,45.79957590035715,0,0
Farm_1,47.364199053022155,7.8645958419895825,27.36509543060592,61.260675223461675,67.775458523351,58.86974073490605,97.95138281870176,28.825213509401475,58.677343159179635,39.80052929545028,0,0
Farm_1,67.11055768358082,7.213690750087306,22.378272791395446,41.12346541600587,87.4673352897677,40.542125417640634,87.72719199242425,25.3471199868399,77.00249549049443,30.29157288331926,0,0
Farm_1,31.980426929501583,6.663062157534203,24.25069432266296,53.4338679692473,65.78349581665148,42.78983215695383,43.77561010884726,24.981384005793355,53.48416880601577,6.569485895436578,0,0
Farm_1,50.8540663048167,6.835162238703057,29.94941876267513,67.08171073304334,54.67936821138031,44.58319719410292,127.16398998349455,19.825503848253636,78.67756486865957,22.82353634936991,0,0
Farm_1,55.54487413172255,6.25880018728337,15.733664057811957,71.67391099130737,118.55798831638454,84.24207182661307,111.88427724891172,27.701205341351084,59.41900152132058,24.66036349780246,0,0
Farm_1,22.787024763199863,5.743192968503473,20.048738886880415,52.894384271660115,66.84006056835386,63.132902134020355,66.35398330308684,22.702386567126766,76.65211016926044,48.40770697102016,0,0
Farm_1,56.4526911140863,6.0679180359537845,29.26699171769105,46.96780370364121,110.4689283311221,44.90461593248029,128.19732964229655,19.784567463607274,68.08828629438385,74.7444406596694,0,0
Farm_1,30.23144742123749,7.273538331393107,32.904136753743984,81.74651183996495,50.695914530197754,68.82670266487347,94.16934306726898,18.13868271973335,74.80122079224462,47.38098283979466,0,0
Farm_1,23.903095579116773,5.043180465889268,25.233548842313322,89.22010903517761,49.179423362257495,77.29205393785548,92.41803923865218,24.15731252002221,79.52039489631393,5.784444944716061,0,0
Farm_1,76.93313223519999,5.348217921520749,25.642269705306312,66.28450911513428,32.80206745960602,41.8099200586827,107.3265861486579,23.80139584334944,58.65216313456237,95.77898009882038,0,0
Farm_1,77.93792198447356,5.138007926065258,17.14344022679552,48.583964292415175,88.65001428382965,53.08392812202812,113.05928092811239,25.912889846060743,78.83406456222778,94.27243190941122,0,0
Farm_1,68.50384088698766,5.12218640695691,23.948247336469095,53.61536632596845,63.1673709351385,29.750887466955803,99.08307465983523,27.792838583195824,61.68445684707261,78.51895431484084,0,0
Farm_1,38.27682615040224,7.566381752033021,25.652345329100463,40.919533827373336,107.79224248556733,34.491947962774425,51.528617172958,18.873472431073324,61.56535714210767,99.13279015642206,0,0
Farm_1,25.86032684038303,7.1109735781400705,19.849410072694592,85.71494032802495,72.58889160224015,74.48942831719862,70.44407553950485,26.046461393743986,60.211613127635175,54.448233280026294,0,0
Farm_1,61.053981590729414,6.422521487261975,20.38486461898762,45.88755414450706,117.13740851232495,34.515067815650156,123.52752762934448,20.061531385073405,66.24222822042756,96.27683502532061,0,0
Farm_1,46.40914962437608,5.293502481953005,22.545683262092453,68.82582377571268,46.6972964132809,62.01307069336481,60.21540506594667,27.439947584728806,54.624351295354614,7.560504061675077,0,0
Farm_1,27.32229409068673,6.474847625350497,15.401423955554527,53.7027610343603,108.17608511600497,76.72370093779462,73.4950321453762,27.009698652478217,66.61134456074033,36.568074826137135,0,0
Farm_1,49.71061460667621,6.420415312341698,21.441583311663564,67.70890012578967,99.89371675125676,28.55015384757951,78.88691946497764,23.94873130484099,66.25114437230012,22.538126800676583,0,0
Farm_1,22.063311266913104,5.519605609730045,19.22896013993089,72.57101941759322,99.38296601796468,65.38497757031229,79.5464490725007,25.812670784856426,72.8570543781461,19.583308413427,0,0
Farm_1,74.55922412472692,6.301554947713919,21.54994704355829,81.48709018536007,106.03049053051988,40.525022696109104,95.1645624245073,21.45785124502123,75.00949885812757,14.08029488926761,1,0
Farm_1,35.52679889600101,6.19551420319212,17.395242636385024,50.32106358803016,98.4921591848699,97.03415001900639,124.87682539702368,23.18284688826096,63.213240509372724,62.241364156599666,0,0
Farm_1,59.75133706123892,6.847550294156649,32.8105456147979,40.549791432924025,86.35982894682738,58.683651737593976,61.66234406492545,27.038005874815187,59.069997480544814,78.1321855747305,0,0
Farm_1,38.70266456536466,6.905280952602931,26.871849071080973,46.844281503440364,41.81203899141488,84.47940398201266,50.93512386708262,23.051917168905355,57.780046919512834,57.82983994203607,0,0
Farm_1,51.20408127066865,5.135912029316134,28.582046382889793,85.00093209240526,32.927356154212674,64.01812337250094,57.77234408739436,21.93578091857986,55.83871510114616,14.696270958820968,0,2
Farm_1,52.80261676059678,6.123837843879413,30.783424772146766,83.69450387812577,112.87630630341182,23.473002628385533,119.82324101883425,23.4363369197533,51.729427465970744,81.11237699334708,0,0
Farm_1,31.091267331531622,6.877579747142709,24.968843978581145,69.87065510851542,85.49852830686643,70.65211004752179,98.12297313896855,27.1107417768094,60.2734393650414,63.59547071637285,0,0
Farm_1,78.17507766587352,6.509408775740264,16.738405761748474,70.02584302168268,101.68835618785587,96.11226737653256,65.73161103152441,21.6872885210796,58.107430763923496,38.81657061269955,0,0
Farm_1,66.50796940166687,7.569469523564967,25.742130836370954,73.25183372731277,73.3370116361295,68.1289456117065,113.43522450717555,19.911377524493183,78.99252157599221,67.4130295536063,0,0
Farm_1,76.36993649385136,6.976080894856835,26.736822360417584,48.76856393117248,40.557737006615504,85.53510875414321,117.52329967270924,25.83215422363859,66.73126478750132,25.990497924283286,0,0
Farm_1,73.68964102565893,5.488803281244289,29.9087894836866,85.72059729624799,41.26672129822954,90.73651706787263,116.18629048212502,27.085760339788898,60.418311170915224,34.51922084942105,0,0
Farm_1,55.87399872866511,5.21170624220129,23.63319092459359,60.93852624460365,91.70087585060742,38.2463817559146,122.7033880275599,19.107012263758868,67.41402802981088,91.74858431319902,0,0
Farm_1,75.312454101387,6.927257834618947,17.551606055911275,59.156926412474874,68.72753054095165,36.96358719265813,62.701691815602544,20.638615240315392,54.17590104037087,29.05045056714204,0,0
Farm_1,25.30955012311517,5.079533931624866,20.67551811597449,65.94588526414188,48.0472254030303,68.87847910807935,107.95377358716505,19.561691887370934,63.32131247606608,46.99882681579366,0,0
Farm_1,31.758971745148713,6.75732674382039,22.2616459279727,42.348298338752755,74.24350920672933,52.882277584536375,81.4485547546726,21.82735552740383,68.78702964263192,89.01411373960147,0,0
Farm_1,22.713637334632285,7.820690724274873,27.918344826632023,48.31416843780397,35.778804336762065,87.18890422933762,115.77986976010554,22.95386076795954,64.66693495377353,70.77213502675275,0,0
Farm_1,39.519819845795865,6.726422533627637,26.41556609337824,76.90168082131852,82.37742617229588,92.00184987184089,105.5641609445452,26.23708970659637,62.053364019629726,6.220322616470275,1,0
Farm_1,43.320637381368925,6.164509778619566,22.121934517956923,44.139933396256325,54.209406399158794,48.27371034421745,109.88027018497522,25.162623433698414,79.81545166699095,14.730304427897034,1,0
Farm_1,36.28094190643375,6.9298646553270595,34.730304975859596,70.1576054733194,101.78031905734693,38.94964471795856,99.05456539129644,24.83021424226274,76.4094428644678,0.7841590771916818,0,0
Farm_1,69.72425054911577,6.37475867147455,27.115496387137743,52.26745548406605,57.932576303121635,82.44204121950895,55.96858925227362,21.876124412706197,68.7021787447832,63.09217902291634,1,0
Farm_1,41.40519960161536,6.636850367947805,19.74453583471989,59.46478070209883,70.9698134173621,41.984482843850884,89.05242270072445,27.25592308393236,67.08132083546849,44.767342541041835,1,0
Farm_1,36.85607058124285,7.824394426329576,17.035649452408073,54.434686838534994,31.045848591729058,85.80914548109428,128.62027655720573,23.184158841379812,68.61981439473752,13.427485090227552,0,0
Farm_1,52.56176498949491,6.158307913402323,18.057182783686642,57.78363582324746,36.5202199015103,53.89906029190102,124.36492598474071,28.7701543181667,56.039363234673,95.79341210567705,0,0
Farm_1,28.45545349848576,7.883571691471743,19.919154567690164,75.95229525921228,65.32442007660163,73.40399194331764,43.88563622173105,24.975563521253108,61.85413229792956,52.96597239456199,0,0
Farm_1,68.13181884524238,7.716051925868191,18.213627465191113,54.856085781158754,73.1944951245411,27.642825106773454,54.83333341564934,19.388912157209532,51.18378598672698,24.189329411288917,0,0
Farm_1,24.473038620786248,5.58737340436789,18.731340481026116,68.32023201484486,84.00184933073734,69.90874597412585,51.85558961091057,25.437953182829773,64.2663811246048,50.06035711547076,0,0
Farm_1,79.21321619603104,5.208083902625496,20.70190337387694,63.80252010995498,56.24963208383729,56.14141429897833,105.3381918986766,21.576144169748687,66.2907375187299,67.96203327351078,0,0
Farm_1,66.33468615779944,5.30233400413228,18.467471905895096,73.1835582681324,92.54836975138883,66.92867705403793,113.60067968712505,25.54959916354707,56.832492083096284,7.623921797356448,0,0
Farm_1,31.922940892050345,5.054665476954649,32.935308492528506,86.84148696623791,107.41101574702842,33.441136619589074,59.21602296796047,18.766052629786465,78.92086541496542,27.4703815047892,0,0
Farm_1,20.331327027416144,5.283328882267785,16.604674913232845,76.62860486051252,100.18658900040148,78.94989959553456,85.5267423656646,19.923695808935552,77.28363832811726,80.69654908839937,0,0
Farm_1,68.92768570729005,7.04902032024907,25.490227791405093,50.74701892953784,33.565694281352144,89.02376620345828,115.663272521008,27.41310984796365,71.66429706367717,45.966487040266124,0,0
Farm_1,62.41144063085703,5.213565945380687,23.20793653979323,41.55915675306424,73.24562525320461,37.33918400726205,105.95213902896255,20.498975127258664,66.00159886296088,54.65771420322949,0,0
Farm_1,63.74043008245924,5.956926890881284,34.647572338172125,53.113202214991254,39.44371605763574,27.657164441612938,88.80134849426634,27.20745237767234,76.09907478943055,43.28160022094693,0,0
Farm_1,66.27622080115674,7.534625932908364,17.240778043361047,69.75389653501274,51.784051427627475,21.89108688370691,93.13129214128956,21.072036972998514,53.91957031470389,4.389994264300512,0,0
Farm_1,24.44267910404542,5.069815807207478,22.95711198091483,42.57129067421252,118.79963339404318,71.35772003546128,85.7524492224652,25.071701010645782,73.71529382824656,16.574977982015593,0,0
Farm_1,41.507943712656356,7.443405447766807,34.389408665507375,64.81831236006181,42.82459886113619,68.56752288710246,66.77936061869386,25.63565630860814,53.74462441900545,44.554163874189086,0,0
Farm_1,26.952143571507783,5.8455643243202,32.310142517879605,69.84214244584446,74.89993381062204,63.7357930171256,90.85197935731145,23.639202284595584,73.82631987648216,20.918546540792782,0,0
Farm_1,71.78620555253562,5.354494482864968,31.3414414189856,56.712194540848046,85.63401608863072,38.555767689278035,101.99967718450816,21.358417443664045,58.27302704754071,4.997902865967873,0,0
Farm_1,57.39788760965347,7.0902114960924525,20.158056540898798,78.54561018729109,93.22184734896936,51.27247967244117,118.59906242747269,20.33908814008206,76.31271743054566,84.36496640518237,0,0
Farm_1,39.85388149115895,6.886828540339652,18.417751747801315,45.32991265668859,80.36838151382227,67.55810681489385,97.26622185813233,18.36508290018669,78.32126281476194,98.11925291641158,0,0
Farm_1,23.813501017161418,7.632416040581159,28.37286439848862,43.75688908679044,30.879376267726528,59.741348708733554,108.50093833388422,21.343410413647963,54.46387908215347,79.31428739967394,0,0
Farm_1,38.65893930293973,7.205213131411657,33.587519782551716,76.40943781018017,59.38151774195927,99.02284161719098,54.40644714591157,25.184790695844114,63.88026815196181,85.3784921704667,0,0
Farm_1,39.51099932160482,7.410442791154546,26.135257860278596,64.77456581030992,76.59404790462403,30.91518020453865,81.54017269778109,28.321353002933307,79.42962134488056,24.197713031704538,0,0
Farm_1,63.77637070028384,5.84610371771392,26.432253789397997,74.4201198213868,37.907984923035,75.6115643238075,40.839845784438396,27.58324930489357,64.5022230791944,96.06269755131997,0,0
Farm_1,58.253448281312785,5.532318631339169,20.599581873205683,61.74136693018731,61.55642380882627,52.34550144834337,62.20109780694607,26.426712541888328,75.90642567543635,19.692570445342838,0,0
Farm_1,73.23276455457959,7.251844254922575,30.389858663838737,52.32010166195534,32.98827979122299,54.25596919404918,105.38155436017044,26.672920775786288,67.66194566393959,95.14298103618323,0,0
Farm_1,48.33289550971696,7.420504217801792,18.74087497115047,80.95511588371,37.07206474395187,77.4078212526541,129.2628956214427,25.31483393823595,61.259897237588056,99.4819293965951,0,0
Farm_1,27.1756547562981,7.97151542600202,21.473584728084873,79.97079394844897,65.72309485814364,75.39489210594957,48.92602896284943,20.863155433226034,58.57350666577611,71.17228057460487,0,0
Farm_1,62.7946872333797,6.237853030734279,23.508728772328336,74.73482354272133,41.94441786387543,99.30047949617506,76.13448842751595,27.97914533776413,56.09669273258262,98.1143731791822,0,1
Farm_1,65.64710291701385,6.11605425737835,25.1522075736891,53.607256861498136,81.07867634354022,30.27154315633002,112.00638718292436,25.378055430964174,72.85394574133092,56.95397795671037,1,0
Farm_1,53.67663185416978,7.32923888222599,19.848194648301604,69.51153334345435,92.05184722235391,28.328771950733305,58.3632071166009,24.16484694078484,61.596215204690836,25.954178317609035,0,0
Farm_1,66.25803079727366,6.022410620759054,17.29673649478407,58.04869484700134,102.05280291981745,77.94710537029928,89.95764543720577,19.22088416134829,65.33826386602253,43.699588566562085,0,0
Farm_1,49.62773578186344,7.792271976810694,27.21240084883265,44.579103666331704,48.01352198203291,66.27095336051272,105.97641664267073,22.91761098187068,64.76976440003546,59.35609353787859,0,0
Farm_1,51.363969762919645,7.575238255529035,20.772611064805115,85.86567877311214,45.073432403316275,41.93285332478447,95.43869052341611,23.06394098322119,67.31837087699394,7.308156202701499,0,0
Farm_1,45.652461101512976,6.286982082125055,26.624764428452245,46.84093154594807,39.411105630096024,26.35354951911893,56.92222611538745,27.51019970474937,75.96731436873657,62.234326461724606,0,0
Farm_1,21.52514760464571,7.252613203374493,18.087254305484045,87.51186769104012,87.2787224589273,26.852659967714445,71.98461118171655,24.01313042206567,79.42218030750288,98.11778367622945,0,0
Farm_1,26.473485619598268,7.263628622254047,24.62280203709635,62.30028864789779,93.5828153838211,91.53526997312946,110.54126060368574,22.184406038674506,62.22752625721451,19.010764978372762,0,0
Farm_2,21.885751141204054,5.309371606507797,25.651788651031715,49.25664644193098,32.84275303430778,35.34938597749943,89.88038627188149,28.74480361361725,74.82556766318909,79.25951162883833,0,0
Farm_2,58.184624675826825,7.7076587200387,16.03647073644854,67.0950473689179,114.25910216193208,45.86972496924166,40.470665218862145,19.217926526589473,72.93583383964153,90.78987937796194,0,0
Farm_2,38.8613588645796,6.515757117343572,21.732085563878414,83.64729179382041,34.677415528632515,38.13251217815904,108.48916840252845,22.64803271143139,67.2058685436672,94.37015928202209,0,0
Farm_2,50.514241469882165,7.479372398323225,17.688293538779483,76.61124432047805,78.71667017709635,48.39970446655499,43.17802194462152,18.462271426885458,78.681414308358,96.01356044054472,0,0
Farm_2,74.45398843556558,5.960148803091835,16.267499409455354,80.32805739307248,93.81544675058248,25.55390741968747,107.1160404458109,26.138945328436236,56.01423546585208,52.14596387214719,0,0
Farm_2,34.9575337489325,7.686569685488601,34.7992046477989,72.93916833553587,108.3872211371477,61.52478327266163,58.223250414871366,28.098842074190657,53.277926309288645,97.73079079915037,0,0
Farm_2,44.62297538213778,6.16760503620249,21.44707689949446,74.61382822589263,94.2678238919185,25.409005087377192,126.22661321074422,21.080410625055386,75.61885900866267,75.73102071344388,0,0
Farm_2,65.33306831258292,5.032512954440895,31.1974889170927,82.45978257826596,102.15552747628126,84.02852062578893,73.1146676171876,27.44175844479033,63.17449449901245,16.16714362369619,0,0
Farm_2,33.72788992949735,7.716145929257791,20.092813095275275,52.483400442959294,60.55051732885255,38.69696655283464,69.42384547042712,21.214400535080877,75.40906562621181,47.690010646797,0,0
Farm_2,24.618794589727578,5.273860030358401,28.630054444478585,64.47124818215703,103.3342602371861,63.20095316836085,53.39992452992002,28.018471778083068,76.79270615586245,71.8331175372004,0,0
Farm_2,37.38508717482608,5.957940912771244,30.204557197793733,51.06047209098011,37.210336174620764,90.40632700491666,67.50437939411934,26.293580939564624,51.87372780857214,24.734031581908333,0,0
Farm_2,29.673277235240263,7.850185901152415,26.912774812156886,89.38340039983234,110.53349904544748,72.07018952377553,118.89856856453805,26.853974545255824,76.50394288958182,64.06151835488873,0,0
Farm_2,75.78185914055439,7.851821440812668,24.431523771003167,87.20296698433066,79.28331385383626,62.636622924106824,129.67009038645227,18.198072111605,63.449571661082665,66.66004790466192,0,1
Farm_2,68.48722277386501,6.720313664369858,23.23681828294537,41.9713405684253,103.55679929662443,45.94670024923005,73.14785774561635,28.590913927814285,65.31297467012696,16.26997438085659,1,0
Farm_2,58.00422539062541,6.895511636509398,21.977365330859904,75.27875862578442,70.70864560664701,46.64015304465583,80.37495678590884,25.993380912773556,68.7977753327963,56.50853124527563,0,0
Farm_2,72.28763541126307,6.345336565934959,33.59058288495652,86.26241587078329,87.92199256768725,73.5589564158552,104.98638443824633,21.352262049247468,77.7914782019026,77.16269109786077,0,0
Farm_2,68.22032461394687,5.879632315094193,31.612388155754584,49.02876725636668,77.37623948425019,99.5311488976934,119.75762024185671,27.123341313447316,50.57348283289292,49.88956645359419,0,0
Farm_2,31.194203533162153,5.985993636109748,34.300538213330256,68.39726152763147,95.84305695797987,72.9471351879503,93.37399007681057,21.09673318256423,64.30530404953451,1.2103116776107425,0,0
Farm_2,73.55353990939867,7.017555368231115,17.485944469710894,85.77441487940209,37.34669838275306,64.622673389602,75.23731283600463,27.600292235227407,70.63166127291682,0.9038469079292177,0,0
Farm_2,52.36053451493904,7.25712358831304,29.617349504072884,41.69729892928994,35.431687559150745,78.45204081913968,77.13596567637614,19.238384294531308,71.68120873094685,35.702934397001215,0,0
Farm_2,68.44640930984374,7.374737131177546,33.76680913642076,74.871013362342,52.23929106091318,57.21644898269745,102.60563318471262,25.740545752068755,70.77597294611324,92.6194068431782,0,0
Farm_2,73.7654779954096,7.368854428383662,18.6246613233132,54.86745036862754,44.35902121018695,24.811387408062817,40.28964372438508,23.947683243094012,54.03305388224366,22.867677960360876,0,0
Farm_2,39.08020849831183,5.273618309146071,16.32992534733555,86.21980976882652,108.46052099329815,64.98374527023279,95.76304037138567,19.061879172149848,58.98186765115044,63.43636888716871,0,0
Farm_2,26.603115471660605,6.483260914107745,29.82241298580118,88.55291225826838,49.729258862223986,96.61002276043041,71.99437093972216,20.660832110847227,60.761465762510404,22.207587069332057,0,0
Farm_2,33.6761097525165,5.172676280049933,26.489462263598238,87.2133244556717,117.82787302372182,34.02423538861277,111.47775981493758,18.13644439905046,74.13311623038516,32.16699896595486,0,0
Farm_2,45.626467317575376,6.648586646971207,31.83657553516544,63.71071083287319,60.320621259399616,75.20039126565325,48.36915758408189,23.156447620109564,58.36279617243659,84.8042089601484,0,0
Farm_2,69.08088595534959,6.324591504120131,17.79544753252579,83.10213254946567,46.390612411982936,36.07469509272452,92.93820402535515,21.313917868360004,56.32114891601609,72.88614422699469,0,0
Farm_2,71.64383499538062,7.663112548274899,30.905346237197804,82.22746992675351,101.07286564282312,62.8662147578465,83.28756008975114,24.581932327275346,78.72344057114289,9.539927731321063,0,0
Farm_2,20.417127831871444,6.052745037656236,19.032546400954892,55.95502366216278,89.28369979507886,27.73411597173757,97.80929733147048,21.26961588479479,50.265898553404064,42.87020209864336,0,0
Farm_2,50.64483815465394,5.3512010492828175,18.27311885731409,81.44577370753387,74.8376144807825,56.02967490065481,45.83682350346715,21.299110226576833,79.93462567045935,2.916976364526447,0,0
Farm_2,45.04466018892674,5.428975046158508,18.285315958619858,41.85038173577463,79.98271958438681,80.49306631161969,92.19854086853181,26.175125186047637,70.30463896572186,48.0890146603009,0,0
Farm_2,33.326468628243816,7.2845318951524165,31.29149440462764,69.81349392410266,94.72816004450374,47.80572193911857,90.53361291635713,18.52957119576189,74.85407898347351,66.24340117010681,0,0
Farm_2,27.19192204002097,6.854654189948783,28.303944413924,51.50044186438515,50.560926719816884,73.19293795897744,90.45940849745539,27.93184494711186,58.8385818903858,11.850262359815156,0,0
Farm_2,40.25691028421768,5.303368028368371,25.461308495382386,46.02834428886394,119.67005244510678,83.63599686317833,94.31388999368093,27.374902618302997,50.4294583300118,28.888493890916568,0,0
Farm_2,76.57458223475115,5.2523204183449925,22.17660968247005,43.84766008146046,117.73138459321048,94.17422555835621,100.8821143503726,25.345851515490473,72.1360855568459,39.783662550215695,0,0
Farm_2,39.39217592124531,7.10290739437736,32.544010816262166,74.81443879390699,88.52931177122431,38.77136654843628,112.44900997126928,24.525437271181225,75.02433791002028,91.95310246560497,0,0
Farm_2,51.12743730460197,5.21828901909258,22.84890214845271,56.9937481884033,47.958820583623066,51.94527326474465,64.28386481153929,27.815327479536172,72.21428395860558,99.32550154229641,0,0
Farm_2,62.18113753371067,7.465580177871068,31.33198878943154,76.23833857643808,91.22054181881622,32.19328106643339,114.25444691620558,20.038631974815857,54.28550861902516,4.491129899561585,0,0
Farm_2,41.81777614275764,7.1187266814694885,23.78269817140437,43.26781703994712,36.497856808125825,99.39868017267001,84.84301140371082,18.868660784099113,72.60283766770907,76.1007923495392,0,0
Farm_2,78.30692496325764,5.244046341925699,22.538888588498153,55.76451689153052,32.75872519852255,94.16007743394363,46.9352451220898,20.63461186900492,73.06768346322923,37.17240664023432,0,0
Farm_2,77.74683769652668,5.2545131422555755,24.25359571339213,66.97456461876686,53.19145996600923,63.196570422444765,45.26958363195813,26.740361065702093,69.75621547010165,39.245818622948,0,0
Farm_2,35.10693774952185,7.959918735503527,21.02755748328284,79.53615824194819,71.63606610653846,87.3626635501137,70.08144868264547,18.381372933991315,72.98347798386759,75.42649733470228,0,0
Farm_2,49.83491035354312,6.122812387268361,29.952187603525022,55.937625146603494,108.14452548675425,61.67663818176337,110.64072794003208,24.410875185918385,75.37764319033197,91.84264321454087,0,0
Farm_2,38.052698589006184,6.111926441200673,25.054407801849585,71.29456882185045,95.44521627896772,69.88685504022078,103.69128412668242,28.949812678104408,68.40812342712375,95.09285945025483,0,0
Farm_2,37.090429662648056,7.438398701772508,19.644253902936345,84.29888741180935,96.84358690799829,27.12995456928133,110.97534682051658,27.412657032212934,52.65814141909037,57.712258603832076,0,0
Farm_2,22.21321684127197,7.841745732151576,32.991491465491364,70.79315940911523,68.29440010032678,80.42163363974464,86.55421507974484,23.735902579479486,64.62883429001633,35.71211593005028,0,0
Farm_2,56.57386003879381,7.958003191468613,22.67782442746423,51.64797373768169,61.13414932922666,30.217078690818788,79.61790981599415,18.700050002153066,52.329480040148155,78.75490858587793,0,0
Farm_2,50.16074139373169,7.260134555776824,25.871057222279774,41.220039077826904,63.393488668614246,86.08541042020227,53.27072740356556,27.14510865824281,62.22629093097292,25.100138326230027,0,0
Farm_2,23.08872507499936,6.128778756592747,33.12944221929094,83.50494369504649,118.88846073624521,82.56224701363087,69.53734782483804,24.588763589949316,62.213194673768825,56.40740288335178,0,0
Farm_2,36.71878785419669,5.250502150096006,27.484759918279842,41.063470542519354,33.609827227123425,76.69957581943811,79.06174295564878,19.264262967655235,51.98029532420725,35.85784615248732,0,0
Farm_2,74.49595315799922,7.3314407477823105,17.337960814167282,83.73508363420997,108.03283465102037,22.89283044198097,47.97403867116555,19.03243013305692,60.46461601908438,65.66310737078761,0,0
Farm_2,34.37371344001835,6.675212749207415,33.796642472269504,66.4468567013606,82.0807867715154,44.250268475626285,59.855075744009014,28.005895013802515,53.32994296373945,24.03989128935069,0,0
Farm_2,28.693692325473386,6.272666027740929,27.554161061428356,86.95338492564481,69.47538772706315,41.04900559286743,93.8402764657365,25.361202892318865,74.24705630027667,19.159294573482576,0,0
Farm_2,49.36716561665378,7.719063155284208,21.698112293141723,79.93916178868326,95.27318943736229,48.810912597721526,106.20968028152708,27.12215479248431,78.43064077893412,91.8239086675437,0,0
Farm_2,79.13902724663603,5.333592446918454,17.785441453267744,89.89670552666686,73.80020472822326,27.011419741107083,129.85127602536545,27.668767903104943,52.16949425773816,10.18036829495369,0,0
Farm_2,34.523316290690026,6.477875312872578,30.88050378540592,57.53559077258551,108.60809142734945,94.95662584248502,123.98019982092019,24.289495872531546,78.65345621875105,50.595790773493164,0,0
Farm_2,60.328132844352716,5.034060934302257,27.40145511857027,78.35941444655634,111.06316776101326,64.3041792569901,97.83086795816723,23.691909869305455,65.67729798010235,22.085278296300892,0,0
Farm_2,65.69717691972306,6.405981925982379,25.66922183952643,60.09654568046211,67.95488341861099,44.44194485264188,77.91232479646648,22.734701513530894,58.98697033861622,3.892996332566745,1,0
Farm_2,34.25825263954398,5.168909827045512,32.87785166101915,63.99378101519544,54.914501751154646,51.75852136594267,97.25596282374094,21.486412465702312,52.305862258284904,3.601881829142639,0,0
Farm_2,63.692980916711576,5.356453748804216,30.771944224490614,71.37527316091851,83.3115295734026,55.77620324038685,110.70864562722087,22.78055556944583,65.01872804211254,17.522177210582733,0,0
Farm_2,42.06698796315519,5.352578740331315,18.033497594655024,83.68385570931693,112.11270110550218,68.04754666884938,50.650257183104856,26.51267621303172,73.83546633472247,86.67703545060003,0,0
Farm_2,57.938349835614765,6.9476309063481905,21.234441355910967,89.20417345996475,48.959597010509995,61.25435421571982,76.89144007266594,24.62115774116645,71.21259431800095,28.247874397702667,0,0
Farm_2,58.01178264565368,7.23813463779627,19.969782796289316,78.41367069322591,86.06699252071346,93.55135785715339,115.58220570720555,27.817756189503307,51.50678034391921,95.04591705752958,0,0
Farm_2,52.14648104448551,6.750106295291479,29.878925851453538,60.88833910836669,86.84041980832686,59.75707863246642,74.54496567397396,22.877180158171065,52.18705506103711,58.16222929891936,0,0
Farm_2,25.4173862032645,7.886517645423625,15.670648694715588,61.06785011385351,95.98017201737528,99.372641185865,91.4685044104468,24.677985365906295,62.086198478979114,43.66141897687661,0,0
Farm_2,70.11814973535428,6.124611738571112,26.39779369742633,76.87911507944457,41.84109166145338,88.11399661960766,92.89924247759784,24.944383084011875,58.8587148214383,58.00888346694546,0,0
Farm_2,39.24680389830415,5.857136258845582,30.24917371481381,51.938857288415115,94.42424682138797,36.680841148586865,56.60286278202754,24.50866878536958,56.97152969168143,51.669838522626776,0,0
Farm_2,31.191110623991253,7.605797384568381,32.53531273523499,45.52370565656973,111.81292685990769,94.4476171715133,72.60118974870596,25.72897150394068,58.43013496726141,75.87762537573252,0,0
Farm_2,22.446508493285833,5.670787515558358,21.841634974318147,57.73110788203883,46.171479798321776,29.309311830838087,70.1060159867739,20.61176815212287,74.10448229890653,28.249606597285226,0,0
Farm_2,55.45357659129451,7.889667618321834,31.425146093440258,54.361949582704085,51.378899243148986,85.39597667929533,42.35770376788583,23.636001553003698,77.87684160895562,35.30503916003024,0,0
Farm_2,60.653861710536944,5.036463424069449,17.212634739104146,54.81540602279951,117.42555846374756,50.4498634781264,42.177258750221974,19.146472830891824,62.15308083582699,89.40943025332507,0,0
Farm_2,20.995269735671368,7.909636480122917,31.929045834690363,51.680387552495496,46.287925743854075,90.23794563560556,114.85273393081961,22.229624604092937,77.1833300639749,94.64565131504055,0,0
Farm_2,50.72558349795686,5.129479735851728,17.54977324663965,42.104659481818096,106.89465840326213,89.44453520859602,64.57637289755311,23.364337754833908,59.64487103743646,89.25582274864745,0,0
Farm_2,33.58974651187628,7.673429341094213,22.945745811207345,40.89369673667069,74.30500708032312,84.4740320094097,86.6270889614934,25.174466855000198,64.29310959031375,41.94479939573136,0,0
Farm_2,58.71036742456699,6.5831033272588995,30.94590731559107,89.38611948680158,52.25079669628593,83.20243490456491,66.88530162298957,28.455841578448236,56.780869934479995,78.03655030068816,0,0
Farm_2,30.461985740299486,7.978894388357901,17.998348546975475,61.38865668679311,108.36749111452603,44.37433112784326,124.66113206038065,24.607161732031916,69.21428126527532,47.63357333010988,0,0
Farm_2,61.456264286147956,5.221389694206197,19.58502790465283,59.216332357984086,70.0774729502399,26.473542644100174,63.336708297919635,26.179533077942157,79.36943345524426,49.75398521461022,0,0
Farm_2,43.20412077803225,6.661562853203963,29.445051367861325,73.9823641346535,76.33356185367211,52.23841430121291,78.66911314650416,23.568926654447232,68.10479288130136,20.468010905728395,0,0
Farm_2,76.20379932420407,7.907907606857297,29.400730730921488,50.912694393253204,62.33100324597891,33.88196119892069,118.54572254361416,24.975144345139643,60.734422523406465,59.113030325851646,0,0
Farm_2,28.251256648759593,6.5692935325104465,27.822952657705947,87.49805919751127,83.36557662914348,75.59608711219694,115.77402101126278,18.780254377471508,69.43452337971586,18.613589775334795,0,0
Farm_2,40.46398106301551,6.888195914405788,28.878968889342,79.3172507207776,44.71714853265205,47.687978123022845,56.74912760616496,20.798307389260316,53.68762035396163,33.15646990671938,0,0
Farm_2,26.808411274435343,7.087246066953852,25.854488866951925,44.47055011561297,65.19733829865847,98.04881606879319,112.23789788161393,21.980384025256527,76.65977240796195,85.50302016199352,0,0
Farm_2,75.48161709671376,6.36362319430332,20.035981178139053,60.87903878924642,117.24710901017588,71.27776618762655,81.23681980641034,23.19742690507165,65.09251852339509,20.707580921085523,1,0
Farm_2,72.64036120285886,6.88267424025219,21.913919870078388,83.95591537810824,53.23200894310148,85.79844509074887,83.46719848768197,18.50213620052622,63.48049226118926,7.115828517343282,0,0
Farm_2,35.47649766290934,6.752942935769301,18.631954336028514,87.2366011145705,89.1062998087163,30.601973819347876,52.01319751743494,19.540265073086495,67.57594365360558,6.90075926128163,1,0
Farm_2,59.59904276205074,7.703474031472966,33.169011226672566,63.37007556249348,59.267105780222536,88.9611585818098,47.25413623814122,21.044957385704365,68.74351588368208,94.07845205031079,0,0
Farm_2,69.03333201207295,5.136339141024374,26.66783589532241,70.67056946053539,99.61258131179406,93.82057524107155,105.51453762763887,28.686859599911557,52.15327418679539,50.69204379618346,0,0
Farm_2,53.31204869596774,5.842889568776691,23.017028335272798,48.35169730460376,41.77862946465149,58.96495350551487,84.68150371197697,21.64481707813356,70.47851663670207,40.941207181701834,0,0
Farm_2,51.77903470136039,7.851234452229676,24.240116072882653,89.55843130684883,117.28389405706902,68.5002350200782,79.31656323536616,23.302451639232906,57.25795040946589,81.08785810079185,0,0
Farm_2,34.5111374540271,7.670791351672749,33.94566679223631,51.58358506917217,70.84105872452753,81.18478407223964,105.65574057871571,20.157074840122323,71.41857897519769,83.5825927910516,0,0
Farm_2,25.586166068353954,6.366970258357139,18.067028062321604,87.13658870675629,51.24454170118176,33.98709018083301,108.89616090919988,24.718580781833452,74.6760438315259,33.21910331156046,0,0
Farm_2,73.83294547719962,6.86039779340461,26.724596640335946,72.48233244961843,36.61470725970114,60.205286117075396,54.30173509024182,21.087515370675717,74.11875522657562,69.36180574737952,0,0
Farm_2,74.02508342979982,5.832143548943398,25.11777357768932,70.38683974394296,45.27821145787867,51.89304222178505,94.92026345298771,20.276918362822695,66.57502902223668,77.11228158518865,0,0
Farm_2,57.986087436396076,5.564363479171284,27.22908470869296,65.63442555082543,76.77965537004158,31.70991937297993,52.1818674049917,23.68229891290577,65.60509676932253,65.46506868659546,0,0
Farm_2,40.34178746292204,6.391095214819947,15.36220367641681,51.53349058588793,60.33028587881577,49.40275378332252,107.62375774261412,18.06056379076463,54.28627884018235,15.159507480009937,0,0
Farm_2,40.95257447675965,6.060056684078159,32.44247817888303,48.82640160027542,104.59950292943485,25.453784750839485,99.12596406404256,18.084304359141477,73.26038451209406,87.5883083517057,0,0
Farm_2,63.557340732214364,6.750968335552616,33.64236564967224,51.02431045350877,68.77987712956254,22.06495255595896,126.09531589751121,20.409756900120435,58.142281413401435,53.90945527360087,0,0
Farm_2,73.82661559715463,5.233203910894955,26.30266367178418,49.32191310721272,52.384284532886696,30.81330313238582,46.20622147207791,18.403934987509032,64.9008626845384,28.24724263700037,0,0
Farm_2,73.22518545590704,7.923184422998499,28.933016477537844,78.97922367833766,85.5430487943627,97.0492089271339,45.13492490361289,19.188283295437607,58.5282227878255,42.52281854376939,0,0
Farm_2,66.79253275145743,7.958632233438808,33.449987623545915,57.50626295833651,93.60994951969013,63.96236287160136,65.39683672238802,21.72746714272627,54.0148508899908,3.757109039890738,0,0
Farm_3,58.52189876925726,7.094485142059235,29.14477268626797,42.89213382816982,45.033771711085485,97.2657728922576,63.55351153623154,26.82844247537794,68.88673090675209,12.786680122241755,0,0
Farm_3,25.04839789970293,6.608289099032361,18.050780858285226,88.45513150704056,45.08572946594859,54.59983026641056,62.22809191647998,24.29253507706231,51.629961044687114,76.55467505158609,0,0
Farm_3,29.697722845676825,5.928582848858984,26.525767203336265,84.18929424817128,33.30042842401887,44.945290646820766,121.5629122468933,23.63934498552058,72.459357023786,0.0011634755366141114,0,0
Farm_3,73.91325131162475,7.4413850591208455,27.13430092765712,86.38761415976064,96.27618135590765,60.49134902721953,62.45915798645555,21.22837705528934,59.5276038578335,41.65658284822922,0,0
Farm_3,56.3857435795754,7.054193517661638,23.48261342604772,89.74539113232177,89.74240748596246,55.16093509063281,64.47547535157679,28.24929091376098,50.00404079013456,52.251018108558846,0,0
Farm_3,20.55182309699778,5.487850818034674,29.728884712494455,48.69476246097437,72.71677881748326,28.453174740939513,108.34584361761674,22.367165453609108,65.3338741771169,5.4634420000972295,0,0
Farm_3,26.088292571961926,7.732781553481527,33.687340295380295,59.81210094513294,105.97534040722775,71.2661051752165,80.47658582054859,18.958020434753486,51.40555725582809,97.30781629723329,0,0
Farm_3,59.81010614648335,7.467611728769507,33.51137025813553,77.91192378520456,102.51031376550479,37.28305460076797,109.9039501259663,24.787731677295813,58.28508673462699,22.612533124967193,0,0
Farm_3,20.30369503077312,7.849399739875772,24.016787428082644,74.8010309026896,82.6818927957077,69.56703639182636,45.88295418079467,19.252222328242617,71.20929462367148,30.419871963628086,0,0
Farm_3,29.648483085049918,7.17715852516508,17.264760916815106,47.69479531699275,108.14441524619328,72.01608739185227,83.88140743060458,21.797454570818612,51.880688648655976,30.39425122550273,0,0
Farm_3,52.924027361995165,6.840245587807369,34.69682397924669,80.79165624953089,48.52570890330914,32.16198825029185,43.025224016495436,23.5815313258959,75.18015477068008,23.04166621173499,0,0
Farm_3,61.513711861561596,6.254729108871857,31.777961728918683,51.22202859183304,40.07276574579551,24.907970168853453,45.63878831098191,27.616447771536933,50.114597679757495,0.1473822086311416,0,0
Farm_3,59.11767557015603,7.798185450062039,17.493253624065336,51.19088074113115,54.277465036529065,82.46092688547519,121.57937080099698,23.429012383741306,57.40471607605707,72.93447940879963,0,0
Farm_3,33.45615856763359,7.598191668501225,33.416837652347446,66.84872114467068,35.137817048038336,56.78403390154561,52.532083400583566,25.724846426348307,72.22712168456215,96.68454997992853,0,0
Farm_3,62.73075328085215,5.135656010318568,32.39792724124257,69.64699674208515,77.80525752009288,24.65310364043806,87.91786140476954,28.920985228989775,59.488104491879206,22.429348328504506,0,0
Farm_3,34.23494524980801,5.079100923491756,25.376761142521442,69.00431039189056,114.29451230654654,99.58930537358137,76.99860423406359,19.446380318877797,53.056771641980404,66.30471918034225,0,0
Farm_3,39.52398188955606,6.129390100634149,26.825508714898586,44.574341869887746,33.54091866016587,24.62244487970933,71.26089936329583,21.022046780714714,60.80701756401284,74.18963269587151,0,0
Farm_3,64.78948430708145,7.431659992345499,22.980054077402606,83.87304313151901,40.98989226090241,75.60281830868425,120.98500111185452,22.34033683157411,58.111798591535766,84.84253790905247,0,1
Farm_3,58.97797394283288,7.961828387944833,16.095232776440625,53.2800021294353,70.69791254550918,98.69431402107308,41.964105709794055,22.640109963927145,75.28135706481665,42.262919701360914,0,0
Farm_3,70.95340462965068,5.451250673310584,21.70394483291802,46.47574606414021,114.04875157751144,39.13440833727405,99.74107175580302,22.521231827921003,59.400437527554296,30.293090564042924,0,0
Farm_3,59.4567735380206,6.782392146056406,31.057068971960227,84.43740399344887,58.45404944790755,31.379949494975694,126.70549907921954,27.983721028122105,73.66797415328021,32.52951340230311,0,0
Farm_3,54.098516200128294,6.142672569893064,15.092640460092056,87.78257491148767,75.65113278195531,29.71079515379431,90.41513651156578,25.85435908913542,76.75616434432204,71.26213330985128,0,0
Farm_3,25.620486069685548,7.909743193443809,21.669983433822885,83.10638086327253,33.741557314535285,44.262011805407646,124.31402158297827,24.68695735499774,63.014522587295886,81.6779466505636,0,0
Farm_3,42.06294818356601,7.526356769407126,22.963373871818867,80.4758037362439,43.350888086588,28.083664880851735,44.70320913574214,21.403099896490602,77.29829431563176,18.161396775660265,0,0
Farm_3,35.91214206090353,7.514986114133413,25.74791205875846,72.7620990319511,118.79671106629623,75.37290733553056,77.69139871667453,27.06169422643424,61.319541618895784,37.09410081577652,0,0
Farm_3,34.63937860274501,6.4060794793849105,33.39711232825521,67.54286853045696,116.86068267924409,24.983343850405014,63.414201186584606,28.505665626334878,78.92235249470325,90.19401967491501,0,0
Farm_3,78.38063328514673,6.244458507012995,21.926919887319226,44.34933799557051,30.444598284096866,60.75377025198318,105.77388684826568,27.033181108052492,52.67868573576719,80.66935196947392,0,0
Farm_3,43.58586348000563,5.8202212157921185,21.939064037924553,60.42266065353493,115.6630606880915,99.73574830823814,128.3167381447522,18.0172161571062,70.61057799509729,98.48584027624759,0,0
Farm_3,73.5227933106268,5.169126489952781,29.750024962194967,58.6344258506157,87.52079440339503,85.11762156048151,63.0877056199823,25.00041507201748,64.81442121370786,75.42482596820807,0,0
Farm_3,57.86831755983577,7.594167128765159,24.044358817796144,52.98768918801631,108.112646506802,69.21755505848087,98.8757141326667,18.562489195863108,61.62946416366941,39.319520102792225,0,0
Farm_3,67.6886782124989,7.438703027390233,19.49209645879964,76.17100568442925,70.92658700704732,44.500289662928935,57.82878694837661,20.83367942367094,68.98135636245803,59.06378339946377,0,0
Farm_3,50.15822558631153,7.999153019858392,24.04879032265387,64.79378675393855,76.40364257213253,69.91166690333108,90.8797229114449,18.65477170382549,71.11571274902994,66.10142542473203,0,0
Farm_3,54.614233077581545,7.989910511221716,17.817140407595996,44.0523107953824,73.99619222312282,62.163317112932134,81.75392380195026,24.641749982443265,50.13089808950927,7.845581631712395,0,0
Farm_3,49.55106162913184,6.666295116807882,18.527739730124466,51.009160097490565,90.01778317914939,54.086670711229715,127.48047966683833,25.552489048418675,55.008592662415964,54.44969591038651,1,0
Farm_3,31.71457926788267,7.3069622455415315,24.967355454789594,74.16293818297979,42.56861292806816,30.45683013921596,94.76745454268199,19.259364018724956,71.39138151902957,70.93208284726096,0,0
Farm_3,63.34712691569032,7.834297189647284,23.378508990090957,43.80654297451501,32.697623088541015,90.92833721923733,71.4555734878137,22.222227713494775,69.9915624073462,16.732130400106037,0,0
Farm_3,36.846341746451344,7.548942172032234,33.296918021362,82.56034570243844,57.713694743207185,55.9827719057058,50.268620639914005,23.018601598510962,78.98142515386031,78.06317174255571,0,0
Farm_3,21.45895798588723,5.742044305229593,22.24787798233266,64.75732635069872,93.4212686462982,35.56980094566121,53.61221458614411,22.059583239370085,72.83113370752349,58.37727805141116,0,0
Farm_3,58.72833775443007,6.35163240593028,26.61176700556087,64.0293288663324,48.16681069106535,49.420748070183166,60.278523695611156,19.331275005337123,78.52318123194014,95.22217856975946,0,0
Farm_3,30.626640764422937,5.387478245454485,27.645285758390607,69.62038923297588,90.60891899924256,53.130380202314164,62.58699952062682,22.60842569206223,71.07621504604421,4.24222982068917,0,0
Farm_3,76.42751506117486,7.862153081776167,15.261889131766672,81.23404829625746,117.29208414965434,86.20303164534994,116.5554452057024,26.2629585258926,58.9415662591833,26.5326137555467,0,0
Farm_3,77.23571462015525,6.81852390335264,28.270747440334212,57.390460395109656,38.451064421047654,78.68915044491217,90.51005094542725,18.78108430986581,53.1609476675257,60.15538792998241,0,0
Farm_3,74.89186341322691,5.6859284165103885,18.560719337395028,73.90080762795318,90.53419064026136,81.54439149130718,87.10518202369298,18.881980154900937,73.45471590034806,29.65599122059307,0,0
Farm_3,42.20952201532666,7.01510205321757,34.2214063493891,68.28659819978955,69.9375197374114,20.882501154291777,50.32919846822957,21.902484210195826,69.32447664427748,71.44241640712423,0,0
Farm_3,20.927396991732046,6.8543847213736875,17.973254555062258,53.35141350847107,108.13280289397548,53.29231985438092,117.41257240144915,28.358982827808177,51.44558037179889,75.9005282521931,0,0
Farm_3,75.69911375526353,6.074488154098521,23.292482474540474,83.9314993177579,45.94348105026473,58.50753213082589,105.05328728876353,25.354299113952052,60.80151397702935,10.251596406647446,0,0
Farm_3,45.69104889903886,5.340672776598887,16.706993361572877,79.8713010803464,92.33633570035481,21.535382145844537,46.09015257100015,25.465369523398213,78.70399446452859,51.38544642067677,0,0
Farm_3,77.99928914262017,7.014719586778399,34.93748503691894,72.92259173292128,105.43037606832992,40.785056699602734,103.70515875067917,21.981119899216516,65.01203437130604,50.889055559105586,0,0
Farm_3,77.81719862535516,6.56092310271138,25.04390020662485,82.52908645471209,115.0152797526621,80.8231858497708,88.91843956083815,24.530268703293924,62.98187408059114,36.92807702155411,1,0
Farm_3,71.1805673280416,7.3169551752069175,26.907700346400876,83.36471004799012,91.49232254606812,30.968776458319923,47.35528111721004,18.111443024305178,63.73098815477882,93.29248625696721,0,0
Farm_3,37.66693352417514,6.560490503335981,16.34152954776855,75.41814883575174,74.74572876075845,62.824810516207336,81.24705773757908,24.997056510504965,56.266481720154914,82.75063198732212,0,0
Farm_3,43.105863716115515,7.556544500955621,29.999209407983557,81.85066641818361,85.60625161810924,37.216149761379,83.62266584170422,28.046156423338605,61.06121512594386,69.72093819096368,0,0
Farm_3,71.06820029101141,6.6557205163234565,19.198111861911716,74.87357308346418,108.20144860308464,20.969661971511464,54.91970861469482,24.73830815179301,61.0943976796153,71.43266357349975,0,0
Farm_3,39.01532030937666,6.682813914606159,32.96108578881427,74.00703858801502,81.35487719749467,39.29611660796332,125.11283323002542,27.610684528129795,51.570650605624174,46.17161438131191,0,0
Farm_3,30.16956480116555,7.629960807975035,19.102792809640142,70.93056891075922,32.73483537271532,98.0699003928043,116.49778343325957,25.963703610127034,73.02702885553755,92.09945210965759,0,0
Farm_3,53.40807574750101,6.210448598637191,18.81375441327333,77.63583197788206,113.78538259562801,84.12296895063916,100.21201035961974,19.326142580440592,62.49513295711637,69.45954272532853,1,0
Farm_3,76.16928644964686,5.402045685351922,15.730993356961898,47.93025526465368,92.0574075928405,96.76613154568267,81.60660049005465,27.926986380144257,74.6653966044927,72.89810616558164,0,0
Farm_3,61.76178780049838,5.086348028940017,24.441338902199984,84.04353795994642,90.88620471995219,59.028323514109,77.05889874260576,18.730882287913523,75.51044003359686,86.16909037873452,0,1
Farm_3,54.203670205361895,7.265411767020857,26.29682266525233,83.5921763872616,49.410763715794545,28.778895894200282,98.58761204358588,23.8736421980254,56.359821640959744,27.4071589342191,0,0
Farm_3,25.830589626246113,6.860928654060394,16.31417278856705,41.462364151727954,89.29969232093916,63.83675911789544,89.0888682466215,19.563508361728033,69.72060446510386,80.7070903866703,0,0
Farm_3,56.90043360195018,7.11223930429767,30.51055233390021,81.29083752823814,65.44779650887426,56.350186764796874,45.60457952936971,18.128772718039944,64.16845412488945,19.524060295649203,0,0
Farm_3,79.4032310062558,5.638892484526732,24.065776694960554,46.44349337367226,88.61096793373429,87.54856661916928,86.12523838932985,22.64237686140403,76.40470213764455,34.53419522448878,0,0
Farm_3,28.405040914191442,5.4091144267603095,25.4878053865516,56.75594271295709,39.593372727719164,27.846606462739565,112.57632555095556,21.24544778419572,56.472220375293624,33.56104542698427,0,0
Farm_3,51.0997791418242,5.043633997003646,23.81525493876456,77.1754128145804,89.20607741427324,59.059290961742256,81.33158898372622,23.346005431773634,70.33439600930133,97.85254683891405,0,0
Farm_3,72.64238431567733,6.051762676419791,23.01526121750652,48.03799480241541,119.94723531935999,32.00389317551874,44.676091979884156,24.34919875408006,68.23256366758167,85.65372237479268,0,0
Farm_3,64.44611706525227,6.769753060563899,26.19280662616436,80.8983512059531,34.33908349745004,45.974074151204796,110.76503794456298,18.48112979539842,58.85904432715498,70.11698615902597,0,0
Farm_3,61.82094445971608,6.176732135299197,18.10480491861425,81.6067088978871,117.94567657991855,78.98856619102398,58.122740392237695,19.353036246361203,54.09802710953518,72.70567616153902,0,0
Farm_3,62.14904503922656,6.312424766071187,18.63856260990542,65.37338668804182,66.62171646505836,58.081450349501324,63.275875139923485,24.14506636095468,69.5491928143183,56.20727944025711,1,0
Farm_3,41.56946907318531,7.712476083481246,32.235712420270346,40.31929358584168,108.36781053035332,50.07106281166155,54.82357180890663,21.77484088489924,72.15792374396992,94.70906671085191,0,0
Farm_3,37.6155106558696,6.044766401069901,33.922309242672654,54.35190665874564,100.4146935652446,51.55810228560283,69.71935583843478,26.02090836304393,59.4688203129005,49.62587528823615,0,0
Farm_3,68.56166932871082,6.541968467479432,22.46618632559506,70.84634591878711,81.0314634888001,56.75574147247893,108.10763551197715,25.175208134511337,69.34497812066941,38.05177098698945,1,0
Farm_3,68.60680368075084,7.350959038223429,20.414893462871078,89.05930890137117,96.46042883261939,82.80132350696455,86.74472735535437,27.301647992888974,61.8539272283451,16.3035336931591,0,0
Farm_3,72.02433911480622,6.1896283469638105,27.879990864780314,71.59067635083342,109.06640051712131,91.36677511521876,58.43931467356413,25.61742109336148,71.39620649847853,78.6205652261058,0,0
Farm_3,74.79443315338827,6.86626010068362,23.17468342196193,52.99017905320799,66.37262894859296,96.42677492031426,119.00470703368367,22.72924185129163,55.97645824682159,73.44439320755914,0,0
Farm_3,50.68054393165627,7.587091126240235,15.507727113206897,71.70028515498056,59.43298454069148,82.9522709004236,119.16236694563763,25.402632846338754,76.70645007908523,38.43550385241349,0,0
Farm_3,50.090977681231976,7.848561870972926,18.12305194732381,66.99926898579278,90.08340470072262,45.23255165984102,118.35205825414062,21.029192916809603,58.622287893967396,2.519341395922936,0,0
Farm_3,67.89771073800651,5.441220442787114,29.31944457694795,78.99226975755718,102.70613477471328,75.05077648692337,61.49165902433853,21.36944848656034,61.033579632684585,83.89973277180107,0,0
Farm_3,58.99783584666591,7.779762875484483,28.178478838203027,45.34903194134792,98.60566212989542,55.008249924431354,80.61154097628892,26.67883675912873,51.74275856241049,1.1417983454073632,0,0
Farm_3,62.1180126354622,6.476348879238614,15.54191985006967,78.05139512510141,101.80322839727711,40.37364976368409,128.64906905267875,22.910614680417403,53.34536636963829,70.3699779629051,0,0
Farm_3,67.74756016616607,5.774733164896875,19.43944323865899,67.06332893380551,69.20249833316397,87.26972635407381,109.48112286789913,26.78218374570188,65.47585708136984,97.02571097260571,0,0
Farm_3,73.40032050905398,6.377407268714784,19.62149593176143,88.14960019294973,103.60507945575195,23.074107916986,42.44506791030038,27.046646110351062,58.027780301839144,43.766132814820345,0,0
Farm_3,40.27970941109215,7.940097725856431,28.43785487197457,57.0936083019343,40.818814983354756,92.14095937083388,45.868413213444285,27.43318571427412,75.06440677226583,23.497340499595275,0,0
Farm_3,42.53497715839664,6.477854281978608,15.394210755087283,71.6310946566974,79.00401881647646,56.91819716997873,81.75382391310995,28.082987594253282,50.44080165964861,70.48710100433817,0,0
Farm_3,25.638916390452138,5.986254830862524,17.082171639691477,86.60140527550087,30.51827944483094,70.97611814466244,121.82981852754041,22.74083742564626,61.372821460158086,81.71281420155852,0,0
Farm_3,54.69680845977044,6.900202562950177,30.998321707463788,45.12548639953396,59.21272469102433,72.74831377646262,88.48316181574428,21.507535001532528,60.12036640307278,54.64303160778473,0,0
Farm_3,22.156536427804525,5.7204368563345795,18.570893241086672,86.86142436182256,62.98153813842581,91.60941925652291,84.80312572308611,24.40418621253525,50.579828927528034,96.70352752561462,0,0
Farm_3,47.93588108794761,5.227589984325991,28.054922157037495,74.39428611504067,65.65554224483299,70.93357457337659,49.49263299609675,22.082896657813905,53.73105197001531,5.166872165796111,0,2
Farm_3,52.5586780824546,5.386639165731948,19.76365562093453,43.39185295525859,92.5920486020876,69.11468678080494,99.11020942518647,24.611815834802563,62.40928024755906,50.479559830452814,0,0
Farm_3,37.192475127697065,5.384137516873317,16.988827855186905,55.04817834734081,64.97022911433112,25.332163244855195,113.9892844540203,25.76144448908207,64.7859375334234,71.845394732255,0,0
Farm_3,55.44999563414065,5.455708080536883,19.86344381998908,75.40860443226407,70.38242603602777,61.47264175561632,74.2378006756806,25.572455203413504,62.12869241764607,86.2640471149179,0,0
Farm_3,21.830014996342967,5.41648151794823,29.44533863711318,43.36753007343859,51.378971778689476,32.01352006536333,109.80506658327947,22.120081757221335,65.92813035236281,17.925561190779003,0,0
Farm_3,22.240891324952866,6.922624234409644,32.11392936212572,69.10852300881366,63.59266124664061,78.99470149771885,126.80289885107304,19.83546221868628,67.85395024717045,80.00034817636814,0,0
Farm_3,69.3560336395795,5.545640253197434,31.604397291339833,57.29415284764784,50.45426645368363,60.97775366501396,58.338981321492014,22.735822723084283,50.29771463383507,55.27070757185453,0,0
Farm_3,41.61143848467577,6.03700184997159,22.943670592369095,71.04577588837385,36.58763313915993,74.41822233666826,87.09966680752672,19.568535584900996,63.92285478360512,39.65536819899632,0,0
Farm_3,27.623630759113087,7.690365229718036,28.361702731412922,42.28710169062564,84.31037340432401,23.333832048190743,65.8424162276118,27.79106738702189,78.90497722662765,13.171502857909356,0,0
Farm_3,51.334595603288264,6.421884920788617,19.09968590831642,83.57684030761882,90.13915186995146,26.783361283664256,111.35689771304554,21.804652068116432,65.57096840388647,86.52957589089124,0,0
Farm_3,66.19961318591665,7.002673215563082,20.862954605220267,88.67444845886985,85.7541311408653,77.30587104501458,91.98340292930418,19.699057219456563,70.32626802376859,15.727320817971535,0,0
Farm_3,32.949261649810595,5.5169596136048895,32.9267163704224,88.44389276428458,71.71446394205151,25.76674687989387,97.11241757952735,18.27992535896326,59.35591573750649,30.978785920909925,0,0
Farm_3,57.373428549140016,5.576867056426012,15.26003847021472,77.48259158714623,64.18072021613068,25.70053822122069,111.81227436543047,25.104046249151327,73.21974134458287,29.004553196243688,0,0
Farm_3,25.120847899626078,5.122605848799436,16.71017061708936,46.5043120065316,107.70002846146427,20.968678018790996,75.63734253962093,25.005925492002177,73.18764445628345,87.14140341908544,0,0
